{
  "tulum|region 15": [
    20.429647,
    -87.6529306
  ],
  "playa del carmen|riviera maya": [
    20.621933,
    -87.0757075
  ],
  "akumal|sirenis": [
    20.4281933,
    -87.2953501
  ],
  "tulum|aldea zama": [
    20.1994463,
    -87.4560907
  ],
  "puerto morelos|pm": [
    20.9317633,
    -87.2011806
  ],
  "puerto aventuras|pa golf": [
    20.5066683,
    -87.2300626
  ],
  "tulum|region 8": [
    20.429647,
    -87.6529306
  ],
  "tulum|tulum downtown": [
    20.429647,
    -87.6529306
  ],
  "playa del carmen|coco beach": [
    20.6364999,
    -87.0605676
  ],
  "tulum|tankah bay": [
    20.429647,
    -87.6529306
  ],
  "tulum|tulum veleta": [
    20.1995655,
    -87.4682948
  ],
  "akumal|tulum country club": [
    20.398797,
    -87.3173404
  ],
  "akumal|half moon bay": [
    20.398797,
    -87.3173404
  ],
  "akumal|akumal beachfront": [
    20.398797,
    -87.3173404
  ],
  "akumal|akumal": [
    20.4007262,
    -87.3219932
  ],
  "akumal|sta teresita": [
    20.398797,
    -87.3173404
  ],
  "akumal|jade bay": [
    20.398797,
    -87.3173404
  ],
  "campeche|country club": [
    21.1253579,
    -86.913577
  ],
  "costa yucateca|telchac puerto": null,
  "costa yucateca|chicxulub": null,
  "costa yucateca|progreso": null,
  "costa yucateca|chelem": null,
  "costa yucateca|yucalpeten": null,
  "cozumel|coz zona hotelera sur": [
    20.4320599,
    -86.9206906
  ],
  "puerto aventuras|pa pueblo": [
    20.5066683,
    -87.2300626
  ],
  "puerto aventuras|pa gran marina": [
    20.5066683,
    -87.2300626
  ],
  "puerto morelos|pm north beaches": [
    20.9317633,
    -87.2011806
  ],
  "tulum|tulum jungle": [
    20.2043672,
    -87.4836147
  ],
  "tulum|holistika": [
    20.2005129,
    -87.4818338
  ],
  "tulum|chemuyil": [
    20.2091055,
    -87.4729824
  ],
  "tulum|selva zama": [
    20.429647,
    -87.6529306
  ],
  "tulum|luum zama": [
    20.429647,
    -87.6529306
  ],
  "tulum|north tulum": [
    20.429647,
    -87.6529306
  ],
  "tulum|south tulum": [
    20.429647,
    -87.6529306
  ],
  "tulum|sian kaan": [
    20.2129179,
    -87.4710538
  ],
  "tulum|101 tulum": [
    20.2111662,
    -87.4627649
  ],
  "tulum|soliman bay": [
    20.429647,
    -87.6529306
  ],
  "tulum|tulum beachfront": [
    20.429647,
    -87.6529306
  ]
}